--INSERTAR 2 CURSOS--
Insert into CURSO (IDCURSO,NOMBRECURSO,EXAMINADOR_IDEXAMINADOR,TEST_IDTEST) 
	values ('1','4A','111','11');
Insert into CURSO (IDCURSO,NOMBRECURSO,EXAMINADOR_IDEXAMINADOR,TEST_IDTEST) 
	values ('2','4B','112','12');

--INSERTAR 10 ESTUDIANTES EN CADA CURSO--
Insert into ESTUDIANTE (IDESTUDIANTE,NOMBRE,APELLIDOS,RUT,CURSO_IDCURSO) values ('111','ELIAS','TORRES MONDACA','18.217.916-7','1');
Insert into ESTUDIANTE (IDESTUDIANTE,NOMBRE,APELLIDOS,RUT,CURSO_IDCURSO) values ('112','MARIO','CONTARDO MOYA','17.911.991-6','1');
Insert into ESTUDIANTE (IDESTUDIANTE,NOMBRE,APELLIDOS,RUT,CURSO_IDCURSO) values ('113','MARIA','TORRES MONDACA','19.222.456-2','1');
Insert into ESTUDIANTE (IDESTUDIANTE,NOMBRE,APELLIDOS,RUT,CURSO_IDCURSO) values ('114','CAMILA','BELLO DOYHARCABAL','19.218.260-3','1');
Insert into ESTUDIANTE (IDESTUDIANTE,NOMBRE,APELLIDOS,RUT,CURSO_IDCURSO) values ('115','NICOLE','GAJARDO CARES','18.561.119-1','1');
Insert into ESTUDIANTE (IDESTUDIANTE,NOMBRE,APELLIDOS,RUT,CURSO_IDCURSO) values ('116','CONSTANZA','CONTARDO MOYA','19.260.345-K','1');
Insert into ESTUDIANTE (IDESTUDIANTE,NOMBRE,APELLIDOS,RUT,CURSO_IDCURSO) values ('117','MARIA JOSE','VALDES ANCAMIL','20.256.119.1','1');
Insert into ESTUDIANTE (IDESTUDIANTE,NOMBRE,APELLIDOS,RUT,CURSO_IDCURSO) values ('118','MARIELA','MUÑOZ','21.456.987-2','1');
Insert into ESTUDIANTE (IDESTUDIANTE,NOMBRE,APELLIDOS,RUT,CURSO_IDCURSO) values ('119','ROCIO','LEUFULL','17.475.979-8','1');
Insert into ESTUDIANTE (IDESTUDIANTE,NOMBRE,APELLIDOS,RUT,CURSO_IDCURSO) values ('120','LUIS','DOYHARCABAL','18.274.374-1','1');
Insert into ESTUDIANTE (IDESTUDIANTE,NOMBRE,APELLIDOS,RUT,CURSO_IDCURSO) values ('121','SARA','CUMSILLE','19.587.264-8','2');
Insert into ESTUDIANTE (IDESTUDIANTE,NOMBRE,APELLIDOS,RUT,CURSO_IDCURSO) values ('122','MACKARENA','RODRIGUEZ','18.988.554-2','2');
Insert into ESTUDIANTE (IDESTUDIANTE,NOMBRE,APELLIDOS,RUT,CURSO_IDCURSO) values ('123','ISABEL','ECHEVARRIA','17.475.286-1','2');
Insert into ESTUDIANTE (IDESTUDIANTE,NOMBRE,APELLIDOS,RUT,CURSO_IDCURSO) values ('124','ANDREA','GOMEZ','18.228.111.9','2');
Insert into ESTUDIANTE (IDESTUDIANTE,NOMBRE,APELLIDOS,RUT,CURSO_IDCURSO) values ('125','HUGO','SANDOVAL','18.277.991-6','2');
Insert into ESTUDIANTE (IDESTUDIANTE,NOMBRE,APELLIDOS,RUT,CURSO_IDCURSO) values ('126','BRAULIO','GAVILAN','19.555.444-1','2');
Insert into ESTUDIANTE (IDESTUDIANTE,NOMBRE,APELLIDOS,RUT,CURSO_IDCURSO) values ('127','PEDRO','DOYHARCABAL','17.668.699-7','2');
Insert into ESTUDIANTE (IDESTUDIANTE,NOMBRE,APELLIDOS,RUT,CURSO_IDCURSO) values ('128','EMILIA','TORRES MONDACA','18.575.797-4','2');
Insert into ESTUDIANTE (IDESTUDIANTE,NOMBRE,APELLIDOS,RUT,CURSO_IDCURSO) values ('129','FRANCISCO','TORRES MONDACA','19-551.336-1','2');
Insert into ESTUDIANTE (IDESTUDIANTE,NOMBRE,APELLIDOS,RUT,CURSO_IDCURSO) values ('130','GUILLERMO','TORRES MONDACA','18.557.777-6','2');
Insert into ESTUDIANTE (IDESTUDIANTE,NOMBRE,APELLIDOS,RUT,CURSO_IDCURSO) values ('131','FERNANDO','GAVILAN','19.345.678-1','3');
Insert into ESTUDIANTE (IDESTUDIANTE,NOMBRE,APELLIDOS,RUT,CURSO_IDCURSO) values ('132','FEDERICO','CORTEZ','18.365.813-4','3');
Insert into ESTUDIANTE (IDESTUDIANTE,NOMBRE,APELLIDOS,RUT,CURSO_IDCURSO) values ('133','ROSA','ELGETA','18.333.151-2','3');
Insert into ESTUDIANTE (IDESTUDIANTE,NOMBRE,APELLIDOS,RUT,CURSO_IDCURSO) values ('134','FLORENTINA','MONDACA','19.121.101-1','3');

--RESPONDAN EVALUACIONES--
Insert into TESTAESTUDIANTE (TEST_IDTEST,ESTUDIANTE_IDESTUDIANTE,PUNTAJE_EVALUACION,NOTAS,PUNTAJE_NO_NORMALIZADO) values ('11','111','70','7,0','1,25');
Insert into TESTAESTUDIANTE (TEST_IDTEST,ESTUDIANTE_IDESTUDIANTE,PUNTAJE_EVALUACION,NOTAS,PUNTAJE_NO_NORMALIZADO) values ('11','112','70','7,0','1,25');
Insert into TESTAESTUDIANTE (TEST_IDTEST,ESTUDIANTE_IDESTUDIANTE,PUNTAJE_EVALUACION,NOTAS,PUNTAJE_NO_NORMALIZADO) values ('11','113','50','5,0','0,25');
Insert into TESTAESTUDIANTE (TEST_IDTEST,ESTUDIANTE_IDESTUDIANTE,PUNTAJE_EVALUACION,NOTAS,PUNTAJE_NO_NORMALIZADO) values ('11','114','60','6,0','0,5');
Insert into TESTAESTUDIANTE (TEST_IDTEST,ESTUDIANTE_IDESTUDIANTE,PUNTAJE_EVALUACION,NOTAS,PUNTAJE_NO_NORMALIZADO) values ('11','115','60','6,0','0,5');
Insert into TESTAESTUDIANTE (TEST_IDTEST,ESTUDIANTE_IDESTUDIANTE,PUNTAJE_EVALUACION,NOTAS,PUNTAJE_NO_NORMALIZADO) values ('11','116','70','7,0','1,25');
Insert into TESTAESTUDIANTE (TEST_IDTEST,ESTUDIANTE_IDESTUDIANTE,PUNTAJE_EVALUACION,NOTAS,PUNTAJE_NO_NORMALIZADO) values ('11','117','60','6,0','0,75');
Insert into TESTAESTUDIANTE (TEST_IDTEST,ESTUDIANTE_IDESTUDIANTE,PUNTAJE_EVALUACION,NOTAS,PUNTAJE_NO_NORMALIZADO) values ('11','118','40','4,5','0,25');
Insert into TESTAESTUDIANTE (TEST_IDTEST,ESTUDIANTE_IDESTUDIANTE,PUNTAJE_EVALUACION,NOTAS,PUNTAJE_NO_NORMALIZADO) values ('11','119','70','7,0','1,25');
Insert into TESTAESTUDIANTE (TEST_IDTEST,ESTUDIANTE_IDESTUDIANTE,PUNTAJE_EVALUACION,NOTAS,PUNTAJE_NO_NORMALIZADO) values ('11','120','70','7,0','1,25');
Insert into TESTAESTUDIANTE (TEST_IDTEST,ESTUDIANTE_IDESTUDIANTE,PUNTAJE_EVALUACION,NOTAS,PUNTAJE_NO_NORMALIZADO) values ('12','121','55','6,0','0,75');
Insert into TESTAESTUDIANTE (TEST_IDTEST,ESTUDIANTE_IDESTUDIANTE,PUNTAJE_EVALUACION,NOTAS,PUNTAJE_NO_NORMALIZADO) values ('12','122','55','6,0','0,75');
Insert into TESTAESTUDIANTE (TEST_IDTEST,ESTUDIANTE_IDESTUDIANTE,PUNTAJE_EVALUACION,NOTAS,PUNTAJE_NO_NORMALIZADO) values ('12','123','40','4,5','0,25');
Insert into TESTAESTUDIANTE (TEST_IDTEST,ESTUDIANTE_IDESTUDIANTE,PUNTAJE_EVALUACION,NOTAS,PUNTAJE_NO_NORMALIZADO) values ('12','124','65','7,0','1,25');
Insert into TESTAESTUDIANTE (TEST_IDTEST,ESTUDIANTE_IDESTUDIANTE,PUNTAJE_EVALUACION,NOTAS,PUNTAJE_NO_NORMALIZADO) values ('12','125','65','7,0','1,25');
Insert into TESTAESTUDIANTE (TEST_IDTEST,ESTUDIANTE_IDESTUDIANTE,PUNTAJE_EVALUACION,NOTAS,PUNTAJE_NO_NORMALIZADO) values ('12','126','65','7,0','1,25');
Insert into TESTAESTUDIANTE (TEST_IDTEST,ESTUDIANTE_IDESTUDIANTE,PUNTAJE_EVALUACION,NOTAS,PUNTAJE_NO_NORMALIZADO) values ('12','127','65','7,0','1,25');
Insert into TESTAESTUDIANTE (TEST_IDTEST,ESTUDIANTE_IDESTUDIANTE,PUNTAJE_EVALUACION,NOTAS,PUNTAJE_NO_NORMALIZADO) values ('12','128','40','4,5','0,25');
Insert into TESTAESTUDIANTE (TEST_IDTEST,ESTUDIANTE_IDESTUDIANTE,PUNTAJE_EVALUACION,NOTAS,PUNTAJE_NO_NORMALIZADO) values ('12','129','55','6,0','0,75');
Insert into TESTAESTUDIANTE (TEST_IDTEST,ESTUDIANTE_IDESTUDIANTE,PUNTAJE_EVALUACION,NOTAS,PUNTAJE_NO_NORMALIZADO) values ('12','130','55','6,0','0,75');
Insert into TESTAESTUDIANTE (TEST_IDTEST,ESTUDIANTE_IDESTUDIANTE,PUNTAJE_EVALUACION,NOTAS,PUNTAJE_NO_NORMALIZADO) values ('12','111','55','6,5','0,75');
Insert into TESTAESTUDIANTE (TEST_IDTEST,ESTUDIANTE_IDESTUDIANTE,PUNTAJE_EVALUACION,NOTAS,PUNTAJE_NO_NORMALIZADO) values ('12','112','40','4,5','0,75');
Insert into TESTAESTUDIANTE (TEST_IDTEST,ESTUDIANTE_IDESTUDIANTE,PUNTAJE_EVALUACION,NOTAS,PUNTAJE_NO_NORMALIZADO) values ('12','113','10','2,0','0,25');
Insert into TESTAESTUDIANTE (TEST_IDTEST,ESTUDIANTE_IDESTUDIANTE,PUNTAJE_EVALUACION,NOTAS,PUNTAJE_NO_NORMALIZADO) values ('12','114','15','3,6','1,25');
Insert into TESTAESTUDIANTE (TEST_IDTEST,ESTUDIANTE_IDESTUDIANTE,PUNTAJE_EVALUACION,NOTAS,PUNTAJE_NO_NORMALIZADO) values ('12','115','65','7,0','1,25');
Insert into TESTAESTUDIANTE (TEST_IDTEST,ESTUDIANTE_IDESTUDIANTE,PUNTAJE_EVALUACION,NOTAS,PUNTAJE_NO_NORMALIZADO) values ('12','116','55','5,5','1,25');
Insert into TESTAESTUDIANTE (TEST_IDTEST,ESTUDIANTE_IDESTUDIANTE,PUNTAJE_EVALUACION,NOTAS,PUNTAJE_NO_NORMALIZADO) values ('12','117','65','4,5','1,25');
Insert into TESTAESTUDIANTE (TEST_IDTEST,ESTUDIANTE_IDESTUDIANTE,PUNTAJE_EVALUACION,NOTAS,PUNTAJE_NO_NORMALIZADO) values ('12','118','20','3,2','0,25');
Insert into TESTAESTUDIANTE (TEST_IDTEST,ESTUDIANTE_IDESTUDIANTE,PUNTAJE_EVALUACION,NOTAS,PUNTAJE_NO_NORMALIZADO) values ('12','119','25','2,5','0,75');
Insert into TESTAESTUDIANTE (TEST_IDTEST,ESTUDIANTE_IDESTUDIANTE,PUNTAJE_EVALUACION,NOTAS,PUNTAJE_NO_NORMALIZADO) values ('12','120','65','7,0','0,75');
